keyword,tfidf_score,theme,trend_score
農曆新年,1.0,Spring Festival,10.296296296296296
春節,1.0,Spring Festival,3.3703703703703702
中國 春節,0.7987431950482128,Spring Festival,44.0
春節 假期,0.7737811448674874,Spring Festival,66.0
2025 春節,0.7500335292341573,Spring Festival,100.0
