keyword,tfidf_score,theme,trend_score
暑假 好 去處,1.0,Summer,56.0
Summer,1.0,Summer,56.51851851851852
beach,1.0,Summer,42.407407407407405
光 死去 的 夏天,0.7871135912305982,Summer,37.0
夏天 北海道,0.7871135912305982,Summer,37.0
